{"lr": 0.01, "data_time": 0.0005288600921630859, "loss": 1.2830272674560548, "time": 0.14014644622802735, "epoch": 1, "memory": 2962, "step": 100}
{"accuracy/top1": 57.28699493408203, "data_time": 0.33899606125695364, "time": 0.39370427812848774, "step": 1}
{"lr": 0.01, "data_time": 0.0008105039596557617, "loss": 1.159705138206482, "time": 0.13973512649536132, "epoch": 2, "memory": 2962, "step": 209}
{"accuracy/top1": 75.44842529296875, "data_time": 0.004398115750016837, "time": 0.05498408449107203, "step": 2}
{"lr": 0.01, "data_time": 0.0008037567138671875, "loss": 0.8080869615077972, "time": 0.1413494825363159, "epoch": 3, "memory": 2962, "step": 318}
{"accuracy/top1": 76.00896453857422, "data_time": 0.004653544261537749, "time": 0.055467293180268384, "step": 3}
{"lr": 0.01, "data_time": 0.0007104873657226562, "loss": 0.9183452785015106, "time": 0.1400697946548462, "epoch": 4, "memory": 2962, "step": 427}
{"accuracy/top1": 70.4035873413086, "data_time": 0.0041083138564537314, "time": 0.05189312737563561, "step": 4}
{"lr": 0.01, "data_time": 0.0007526636123657227, "loss": 0.6284680515527725, "time": 0.14065697193145751, "epoch": 5, "memory": 2962, "step": 536}
{"accuracy/top1": 78.36322784423828, "data_time": 0.004740155976394127, "time": 0.051909274068372, "step": 5}
